condition,count,mse_linear,mse_db,nmse_linear
0,2000,0.01048216350376606,-19.795490702903756,0.013724881736479067
5,2000,0.003852634874987416,-24.142421482301195,0.00504446987628454
10,2000,0.0016769806474039796,-27.75471948926328,0.002195764362167633
15,2000,0.0010262892188911792,-29.887302328865285,0.0013437777565331972
20,2000,0.0008104324442829239,-30.91283180523795,0.0010611444335124572
25,2000,0.0007495988800073973,-31.2517107042961,0.000981491652386679
macro,12000,0.003099683261556493,-25.086826817630673,0.004058588302893929
