condition,count,mse_linear,mse_db,nmse_linear
50,2000,0.0006110577041108626,-32.1391777530921,0.0009013030397379211
100,2000,0.0008188598754932172,-30.867904084620893,0.0013818965000979857
150,2000,0.000774230181297753,-31.111299023145797,0.0010630204128018615
200,2000,0.0008095083951920969,-30.91778642400433,0.0010599345244621222
250,2000,0.0005646422211721074,-32.48226649797394,0.0008658573531610226
300,2000,0.0011202587183215655,-29.506816671529194,0.0018247404021955586
macro,12000,0.0007830928492646005,-31.06186741177226,0.0011827920387427451
