condition,count,mse_linear,mse_db,nmse_linear
200,2000,0.0022189165931777097,-26.538590219541792,0.002806321858500056
400,2000,0.002110917186306324,-26.75528804021265,0.003497310318412375
600,2000,0.0022078570433077403,-26.560290500000015,0.0034569120858661145
800,2000,0.0018799813973892014,-27.258464478729643,0.0027414850450072446
1000,2000,0.002405531345924828,-26.18788979352656,0.0036336775300582973
macro,10000,0.0021646407132211607,-26.646141772689656,0.003227141367568817
